Electric Vehicle (EV) Ownership Data,,,,,June 2022
* Further information on Notes sheet,,,,,
Municipality,County,Year,Total Personal Vehicles,# of EVs,% of EVs
Aberdeen township,Monmouth,2015,"12,240",7,0.06%
Aberdeen township,Monmouth,2020,"14,375",64,0.45%
Absecon city,Atlantic,2015,"5,679",2,0.03%
Absecon city,Atlantic,2020,"5,392",20,0.37%
Alexandria township,Hunterdon,2015,"3,646",4,0.10%
Alexandria township,Hunterdon,2020,"4,097",19,0.46%
Allamuchy township,Warren,2015,"3,549",2,0.05%
Allamuchy township,Warren,2020,"3,912",17,0.43%
Allendale borough,Bergen,2015,"4,418",3,0.07%
Allendale borough,Bergen,2020,"4,321",60,1.39%
Allenhurst borough,Monmouth,2015,343,0,0.12%
Allenhurst borough,Monmouth,2020,327,13,3.98%
Allentown borough,Monmouth,2015,"1,344",2,0.11%
Allentown borough,Monmouth,2020,"1,361",18,1.32%
Alloway township,Salem,2015,"2,475",1,0.02%
Alloway township,Salem,2020,"2,766",7,0.25%
Alpha borough,Warren,2015,"1,552",1,0.03%
Alpha borough,Warren,2020,"1,741",4,0.23%
Alpine borough,Bergen,2015,"1,185",11,0.90%
Alpine borough,Bergen,2020,"1,095",56,5.11%
Andover borough,Sussex,2015,525,2,0.40%
Andover borough,Sussex,2020,551,14,2.54%
Andover township,Sussex,2015,"3,946",2,0.05%
Andover township,Sussex,2020,"4,252",14,0.33%
Asbury Park city,Monmouth,2015,"6,681",8,0.13%
Asbury Park city,Monmouth,2020,"8,588",73,0.85%
Atlantic City city,Atlantic,2015,"11,389",3,0.03%
Atlantic City city,Atlantic,2020,"13,353",32,0.24%
Atlantic Highlands borough,Monmouth,2015,"3,221",1,0.03%
Atlantic Highlands borough,Monmouth,2020,"3,110",21,0.68%
Audubon borough,Camden,2015,"6,212",1,0.01%
Audubon borough,Camden,2020,"5,875",21,0.36%
Audubon Park borough,Camden,2015,743,0,0.01%
Audubon Park borough,Camden,2020,792,3,0.38%
Avalon borough,Cape May,2015,"1,232",1,0.08%
Avalon borough,Cape May,2020,"1,311",54,4.12%
Avon-by-the-Sea borough,Monmouth,2015,"1,423",1,0.07%
Avon-by-the-Sea borough,Monmouth,2020,"1,365",12,0.88%
Barnegat Light borough,Ocean,2015,511,0,0.00%
Barnegat Light borough,Ocean,2020,415,7,1.69%
Barnegat township,Ocean,2015,"14,320",5,0.03%
Barnegat township,Ocean,2020,"16,490",46,0.28%
Barrington borough,Camden,2015,"4,520",5,0.11%
Barrington borough,Camden,2020,"4,958",26,0.52%
Bass River township,Burlington,2015,"1,080",0,0.04%
Bass River township,Burlington,2020,"1,051",4,0.38%
Bay Head borough,Ocean,2015,756,1,0.15%
Bay Head borough,Ocean,2020,811,9,1.11%
Bayonne city,Hudson,2015,"30,262",10,0.03%
Bayonne city,Hudson,2020,"30,135",89,0.30%
Beach Haven borough,Ocean,2015,802,1,0.10%
Beach Haven borough,Ocean,2020,797,7,0.88%
Beachwood borough,Ocean,2015,"7,365",4,0.05%
Beachwood borough,Ocean,2020,"8,002",28,0.35%
Bedminster township,Somerset,2015,"6,854",7,0.10%
Bedminster township,Somerset,2020,"6,866",65,0.95%
Belleville township,Essex,2015,"18,990",4,0.02%
Belleville township,Essex,2020,"21,413",52,0.24%
Bellmawr borough,Camden,2015,"7,034",1,0.01%
Bellmawr borough,Camden,2020,"6,953",22,0.32%
Belmar borough,Monmouth,2015,"4,112",4,0.10%
Belmar borough,Monmouth,2020,"3,869",41,1.06%
Belvidere town,Warren,2015,"1,721",0,0.02%
Belvidere town,Warren,2020,"1,661",4,0.24%
Bergenfield borough,Bergen,2015,"15,182",13,0.08%
Bergenfield borough,Bergen,2020,"15,318",71,0.46%
Berkeley Heights township,Union,2015,"8,724",10,0.12%
Berkeley Heights township,Union,2020,"9,120",134,1.47%
Berkeley township,Ocean,2015,"29,667",11,0.04%
Berkeley township,Ocean,2020,"31,161",98,0.31%
Berlin borough,Camden,2015,"4,560",3,0.06%
Berlin borough,Camden,2020,"4,957",20,0.40%
Berlin township,Camden,2015,"3,128",0,0.00%
Berlin township,Camden,2020,"3,773",12,0.32%
Bernards township,Somerset,2015,"17,670",29,0.16%
Bernards township,Somerset,2020,"18,377",294,1.60%
Bernardsville borough,Somerset,2015,"5,405",5,0.10%
Bernardsville borough,Somerset,2020,"5,260",84,1.60%
Bethlehem township,Hunterdon,2015,"3,091",3,0.09%
Bethlehem township,Hunterdon,2020,"3,349",17,0.51%
Beverly city,Burlington,2015,"1,480",1,0.06%
Beverly city,Burlington,2020,"1,449",3,0.21%
Blairstown township,Warren,2015,"4,311",2,0.04%
Blairstown township,Warren,2020,"4,599",19,0.41%
Bloomfield township,Essex,2015,"26,640",24,0.09%
Bloomfield township,Essex,2020,"28,742",156,0.54%
Bloomingdale borough,Passaic,2015,"5,322",5,0.09%
Bloomingdale borough,Passaic,2020,"5,248",20,0.38%
Bloomsbury borough,Hunterdon,2015,583,1,0.10%
Bloomsbury borough,Hunterdon,2020,709,4,0.56%
Bogota borough,Bergen,2015,"4,848",1,0.02%
Bogota borough,Bergen,2020,"4,792",27,0.56%
Boonton town,Morris,2015,"5,544",4,0.08%
Boonton town,Morris,2020,"5,615",52,0.93%
Boonton township,Morris,2015,"3,212",2,0.06%
Boonton township,Morris,2020,"3,046",23,0.76%
Bordentown city,Burlington,2015,"2,583",4,0.16%
Bordentown city,Burlington,2020,"2,779",19,0.68%
Bordentown township,Burlington,2015,"7,897",8,0.10%
Bordentown township,Burlington,2020,"8,691",36,0.41%
Bound Brook borough,Somerset,2015,"5,681",0,0.00%
Bound Brook borough,Somerset,2020,"5,656",24,0.42%
Bradley Beach borough,Monmouth,2015,"2,960",2,0.07%
Bradley Beach borough,Monmouth,2020,"2,751",23,0.84%
Branchburg township,Somerset,2015,"10,341",10,0.09%
Branchburg township,Somerset,2020,"11,119",63,0.57%
Branchville borough,Sussex,2015,526,0,0.08%
Branchville borough,Sussex,2020,766,2,0.26%
Brick township,Ocean,2015,"53,207",38,0.07%
Brick township,Ocean,2020,"55,314",181,0.33%
Bridgeton city,Cumberland,2015,"8,152",4,0.05%
Bridgeton city,Cumberland,2020,"7,756",21,0.27%
Bridgewater township,Somerset,2015,"29,384",19,0.07%
Bridgewater township,Somerset,2020,"30,647",340,1.11%
Brielle borough,Monmouth,2015,"3,621",1,0.03%
Brielle borough,Monmouth,2020,"3,293",30,0.91%
Brigantine city,Atlantic,2015,"6,844",4,0.06%
Brigantine city,Atlantic,2020,"6,590",34,0.52%
Brooklawn borough,Camden,2015,"1,131",0,0.04%
Brooklawn borough,Camden,2020,"1,226",3,0.24%
Buena borough,Atlantic,2015,"2,946",0,0.01%
Buena borough,Atlantic,2020,"2,957",5,0.17%
Buena Vista township,Atlantic,2015,"5,217",2,0.04%
Buena Vista township,Atlantic,2020,"5,471",19,0.35%
Burlington city,Burlington,2015,"6,132",6,0.10%
Burlington city,Burlington,2020,"6,107",35,0.57%
Burlington township,Burlington,2015,"14,191",10,0.07%
Burlington township,Burlington,2020,"15,220",58,0.38%
Butler borough,Morris,2015,"4,750",3,0.06%
Butler borough,Morris,2020,"5,730",48,0.84%
Byram township,Sussex,2015,"6,017",4,0.07%
Byram township,Sussex,2020,"6,326",26,0.41%
Caldwell borough,Essex,2015,"5,218",3,0.07%
Caldwell borough,Essex,2020,"5,256",53,1.01%
Califon borough,Hunterdon,2015,834,1,0.16%
Califon borough,Hunterdon,2020,923,9,0.98%
Camden city,Camden,2015,"22,752",1,0.01%
Camden city,Camden,2020,"25,563",14,0.05%
Cape May city,Cape May,2015,"1,855",2,0.10%
Cape May city,Cape May,2020,"1,971",32,1.62%
Cape May Point borough,Cape May,2015,185,0,0.00%
Cape May Point borough,Cape May,2020,135,7,5.19%
Carlstadt borough,Bergen,2015,"3,752",1,0.02%
Carlstadt borough,Bergen,2020,"4,047",17,0.42%
Carneys Point township,Salem,2015,"4,652",1,0.01%
Carneys Point township,Salem,2020,"4,844",10,0.21%
Carteret borough,Middlesex,2015,"13,234",3,0.02%
Carteret borough,Middlesex,2020,"13,471",29,0.22%
Cedar Grove township,Essex,2015,"7,838",8,0.10%
Cedar Grove township,Essex,2020,"8,062",70,0.87%
Chatham borough,Morris,2015,"5,456",8,0.15%
Chatham borough,Morris,2020,"5,439",89,1.64%
Chatham township,Morris,2015,"7,021",10,0.14%
Chatham township,Morris,2020,"6,737",104,1.54%
Cherry Hill township,Camden,2015,"46,741",59,0.13%
Cherry Hill township,Camden,2020,"49,528",531,1.07%
Chesilhurst borough,Camden,2015,976,0,0.00%
Chesilhurst borough,Camden,2020,874,3,0.34%
Chester borough,Morris,2015,981,3,0.34%
Chester borough,Morris,2020,"1,040",27,2.60%
Chester township,Morris,2015,"5,657",8,0.13%
Chester township,Morris,2020,"5,986",62,1.04%
Chesterfield township,Burlington,2015,"4,181",4,0.10%
Chesterfield township,Burlington,2020,"3,766",53,1.41%
Cinnaminson township,Burlington,2015,"11,661",11,0.10%
Cinnaminson township,Burlington,2020,"11,917",77,0.65%
City of Orange township,Essex,2015,"10,257",2,0.02%
City of Orange township,Essex,2020,"11,311",23,0.20%
Clark township,Union,2015,"10,246",5,0.05%
Clark township,Union,2020,"11,316",56,0.49%
Clayton borough,Gloucester,2015,"5,293",2,0.03%
Clayton borough,Gloucester,2020,"5,853",18,0.31%
Clementon borough,Camden,2015,"3,074",1,0.05%
Clementon borough,Camden,2020,"3,041",9,0.30%
Cliffside Park borough,Bergen,2015,"13,423",5,0.04%
Cliffside Park borough,Bergen,2020,"14,008",57,0.41%
Clifton city,Passaic,2015,"45,145",18,0.04%
Clifton city,Passaic,2020,"49,029",197,0.40%
Clinton town,Hunterdon,2015,"1,671",2,0.11%
Clinton town,Hunterdon,2020,"1,993",26,1.30%
Clinton township,Hunterdon,2015,"8,447",5,0.06%
Clinton township,Hunterdon,2020,"8,970",76,0.85%
Closter borough,Bergen,2015,"5,277",7,0.13%
Closter borough,Bergen,2020,"5,274",105,1.99%
Collingswood borough,Camden,2015,"8,635",10,0.12%
Collingswood borough,Camden,2020,"9,239",67,0.73%
Colts Neck township,Monmouth,2015,"7,156",16,0.22%
Colts Neck township,Monmouth,2020,"7,212",111,1.54%
Commercial township,Cumberland,2015,"3,067",3,0.09%
Commercial township,Cumberland,2020,"2,953",7,0.24%
Corbin City city,Atlantic,2015,350,0,0.06%
Corbin City city,Atlantic,2020,543,1,0.18%
Cranbury township,Middlesex,2015,"2,693",3,0.12%
Cranbury township,Middlesex,2020,"2,797",43,1.54%
Cranford township,Union,2015,"15,906",14,0.09%
Cranford township,Union,2020,"16,659",119,0.71%
Cresskill borough,Bergen,2015,"5,602",6,0.11%
Cresskill borough,Bergen,2020,"5,531",95,1.72%
Deal borough,Monmouth,2015,542,0,0.00%
Deal borough,Monmouth,2020,363,37,10.19%
Deerfield township,Cumberland,2015,"2,052",1,0.03%
Deerfield township,Cumberland,2020,"1,983",6,0.30%
Delanco township,Burlington,2015,"3,170",2,0.06%
Delanco township,Burlington,2020,"3,377",11,0.33%
Delaware township,Hunterdon,2015,"3,847",4,0.11%
Delaware township,Hunterdon,2020,"3,752",29,0.77%
Delran township,Burlington,2015,"10,852",6,0.06%
Delran township,Burlington,2020,"11,504",37,0.32%
Demarest borough,Bergen,2015,"3,352",7,0.21%
Demarest borough,Bergen,2020,"3,314",98,2.96%
Dennis township,Cape May,2015,"4,924",4,0.08%
Dennis township,Cape May,2020,"4,928",20,0.41%
Denville township,Morris,2015,"12,274",12,0.10%
Denville township,Morris,2020,"12,134",128,1.05%
Deptford township,Gloucester,2015,"19,764",13,0.06%
Deptford township,Gloucester,2020,"20,479",77,0.38%
Dover town,Morris,2015,"8,237",1,0.02%
Dover town,Morris,2020,"9,152",19,0.21%
Downe township,Cumberland,2015,"1,041",1,0.05%
Downe township,Cumberland,2020,858,2,0.23%
Dumont borough,Bergen,2015,"11,333",5,0.04%
Dumont borough,Bergen,2020,"11,788",48,0.41%
Dunellen borough,Middlesex,2015,"4,345",1,0.03%
Dunellen borough,Middlesex,2020,"4,071",45,1.11%
Eagleswood township,Ocean,2015,"1,187",0,0.00%
Eagleswood township,Ocean,2020,"1,148",6,0.52%
East Amwell township,Hunterdon,2015,"3,185",4,0.13%
East Amwell township,Hunterdon,2020,"3,273",36,1.10%
East Brunswick township,Middlesex,2015,"31,289",27,0.09%
East Brunswick township,Middlesex,2020,"32,528",373,1.15%
East Greenwich township,Gloucester,2015,"6,788",3,0.04%
East Greenwich township,Gloucester,2020,"7,796",61,0.78%
East Hanover township,Morris,2015,"7,866",2,0.03%
East Hanover township,Morris,2020,"8,079",59,0.73%
East Newark borough,Hudson,2015,805,0,0.04%
East Newark borough,Hudson,2020,819,4,0.49%
East Orange city,Essex,2015,"24,470",7,0.03%
East Orange city,Essex,2020,"23,862",24,0.10%
East Rutherford borough,Bergen,2015,"5,282",4,0.08%
East Rutherford borough,Bergen,2020,"6,252",29,0.46%
East Windsor township,Mercer,2015,"16,438",16,0.10%
East Windsor township,Mercer,2020,"16,571",165,1.00%
Eastampton township,Burlington,2015,"4,070",3,0.06%
Eastampton township,Burlington,2020,"4,486",15,0.33%
Eatontown borough,Monmouth,2015,"8,738",6,0.07%
Eatontown borough,Monmouth,2020,"8,370",67,0.80%
Edgewater borough,Bergen,2015,"7,021",9,0.13%
Edgewater borough,Bergen,2020,"8,018",108,1.35%
Edgewater Park township,Burlington,2015,"5,794",3,0.05%
Edgewater Park township,Burlington,2020,"5,568",10,0.18%
Edison township,Middlesex,2015,"60,480",47,0.08%
Edison township,Middlesex,2020,"59,239",690,1.16%
Egg Harbor City city,Atlantic,2015,"2,365",2,0.09%
Egg Harbor City city,Atlantic,2020,"2,041",12,0.59%
Egg Harbor township,Atlantic,2015,"27,423",20,0.07%
Egg Harbor township,Atlantic,2020,"28,220",142,0.50%
Elizabeth city,Union,2015,"45,271",3,0.01%
Elizabeth city,Union,2020,"51,731",85,0.16%
Elk township,Gloucester,2015,"2,824",3,0.12%
Elk township,Gloucester,2020,"2,789",19,0.68%
Elmer borough,Salem,2015,960,1,0.11%
Elmer borough,Salem,2020,932,8,0.86%
Elmwood Park borough,Bergen,2015,"11,958",4,0.03%
Elmwood Park borough,Bergen,2020,"11,719",34,0.29%
Elsinboro township,Salem,2015,836,0,0.02%
Elsinboro township,Salem,2020,711,2,0.28%
Emerson borough,Bergen,2015,"4,756",1,0.02%
Emerson borough,Bergen,2020,"5,155",29,0.56%
Englewood city,Bergen,2015,"15,117",20,0.13%
Englewood city,Bergen,2020,"16,850",141,0.84%
Englewood Cliffs borough,Bergen,2015,"3,556",9,0.25%
Englewood Cliffs borough,Bergen,2020,"3,861",98,2.54%
Englishtown borough,Monmouth,2015,"1,271",1,0.11%
Englishtown borough,Monmouth,2020,"1,223",15,1.23%
Essex Fells borough,Essex,2015,"1,633",2,0.12%
Essex Fells borough,Essex,2020,"1,496",37,2.47%
Estell Manor city,Atlantic,2015,"1,249",0,0.01%
Estell Manor city,Atlantic,2020,"1,254",3,0.24%
Evesham township,Burlington,2015,"31,935",24,0.08%
Evesham township,Burlington,2020,"33,027",204,0.62%
Ewing township,Mercer,2015,"21,607",12,0.06%
Ewing township,Mercer,2020,"22,138",72,0.33%
Fair Haven borough,Monmouth,2015,"4,176",5,0.12%
Fair Haven borough,Monmouth,2020,"3,680",49,1.33%
Fair Lawn borough,Bergen,2015,"20,699",10,0.05%
Fair Lawn borough,Bergen,2020,"21,243",139,0.65%
Fairfield township,Cumberland,2015,"3,082",1,0.04%
Fairfield township,Cumberland,2020,"3,215",6,0.19%
Fairfield township,Essex,2015,"4,874",4,0.08%
Fairfield township,Essex,2020,"5,511",46,0.83%
Fairview borough,Bergen,2015,"6,832",2,0.03%
Fairview borough,Bergen,2020,"6,520",19,0.29%
Fanwood borough,Union,2015,"4,701",6,0.13%
Fanwood borough,Union,2020,"5,232",38,0.73%
Far Hills borough,Somerset,2015,800,4,0.53%
Far Hills borough,Somerset,2020,727,36,4.95%
Farmingdale borough,Monmouth,2015,"1,009",3,0.34%
Farmingdale borough,Monmouth,2020,900,15,1.67%
Fieldsboro borough,Burlington,2015,432,0,0.09%
Fieldsboro borough,Burlington,2020,562,2,0.36%
Flemington borough,Hunterdon,2015,"2,383",4,0.18%
Flemington borough,Hunterdon,2020,"2,617",40,1.53%
Florence township,Burlington,2015,"8,951",5,0.06%
Florence township,Burlington,2020,"9,006",40,0.44%
Florham Park borough,Morris,2015,"7,100",8,0.11%
Florham Park borough,Morris,2020,"7,275",79,1.09%
Folsom borough,Atlantic,2015,"1,283",1,0.05%
Folsom borough,Atlantic,2020,"1,150",5,0.43%
Fort Lee borough,Bergen,2015,"21,598",20,0.09%
Fort Lee borough,Bergen,2020,"21,713",231,1.06%
Frankford township,Sussex,2015,"4,182",5,0.11%
Frankford township,Sussex,2020,"4,193",19,0.45%
Franklin borough,Sussex,2015,"3,435",3,0.10%
Franklin borough,Sussex,2020,"3,564",8,0.22%
Franklin Lakes borough,Bergen,2015,"8,589",11,0.13%
Franklin Lakes borough,Bergen,2020,"8,322",151,1.81%
Franklin township,Gloucester,2015,"11,612",10,0.09%
Franklin township,Gloucester,2020,"12,255",45,0.37%
Franklin township,Hunterdon,2015,"2,612",4,0.15%
Franklin township,Hunterdon,2020,"2,825",26,0.92%
Franklin township,Somerset,2015,"40,227",41,0.10%
Franklin township,Somerset,2020,"42,932",383,0.89%
Franklin township,Warren,2015,"2,424",2,0.09%
Franklin township,Warren,2020,"2,471",12,0.49%
Fredon township,Sussex,2015,"2,453",1,0.04%
Fredon township,Sussex,2020,"2,516",8,0.32%
Freehold borough,Monmouth,2015,"5,153",4,0.07%
Freehold borough,Monmouth,2020,"5,562",38,0.68%
Freehold township,Monmouth,2015,"23,432",12,0.05%
Freehold township,Monmouth,2020,"23,664",128,0.54%
Frelinghuysen township,Warren,2015,"1,836",1,0.04%
Frelinghuysen township,Warren,2020,"1,552",7,0.45%
Frenchtown borough,Hunterdon,2015,"1,101",1,0.13%
Frenchtown borough,Hunterdon,2020,966,7,0.72%
Galloway township,Atlantic,2015,"21,578",12,0.06%
Galloway township,Atlantic,2020,"23,127",72,0.31%
Garfield city,Bergen,2015,"16,654",5,0.03%
Garfield city,Bergen,2020,"18,049",44,0.24%
Garwood borough,Union,2015,"2,937",0,0.00%
Garwood borough,Union,2020,"2,860",12,0.42%
Gibbsboro borough,Camden,2015,"1,535",1,0.07%
Gibbsboro borough,Camden,2020,"1,557",8,0.51%
Glassboro borough,Gloucester,2015,"10,829",4,0.04%
Glassboro borough,Gloucester,2020,"11,346",33,0.29%
Glen Gardner borough,Hunterdon,2015,"1,231",2,0.15%
Glen Gardner borough,Hunterdon,2020,"1,230",10,0.81%
Glen Ridge borough,Essex,2015,"4,361",3,0.07%
Glen Ridge borough,Essex,2020,"4,295",83,1.93%
Glen Rock borough,Bergen,2015,"7,742",8,0.10%
Glen Rock borough,Bergen,2020,"6,767",98,1.45%
Gloucester City city,Camden,2015,"5,867",3,0.04%
Gloucester City city,Camden,2020,"6,325",13,0.21%
Gloucester township,Camden,2015,"41,195",23,0.05%
Gloucester township,Camden,2020,"40,581",125,0.31%
Green Brook township,Somerset,2015,"4,822",2,0.04%
Green Brook township,Somerset,2020,"4,790",42,0.88%
Green township,Sussex,2015,"2,492",2,0.06%
Green township,Sussex,2020,"2,592",11,0.42%
Greenwich township,Cumberland,2015,747,0,0.00%
Greenwich township,Cumberland,2020,413,1,0.24%
Greenwich township,Gloucester,2015,"3,560",3,0.08%
Greenwich township,Gloucester,2020,"3,494",6,0.17%
Greenwich township,Warren,2015,"3,700",2,0.06%
Greenwich township,Warren,2020,"3,867",18,0.47%
Guttenberg town,Hudson,2015,"3,686",1,0.02%
Guttenberg town,Hudson,2020,"4,619",18,0.39%
Hackensack city,Bergen,2015,"22,056",14,0.06%
Hackensack city,Bergen,2020,"23,567",90,0.38%
Hackettstown town,Warren,2015,"5,707",3,0.05%
Hackettstown town,Warren,2020,"5,730",33,0.58%
Haddon Heights borough,Camden,2015,"5,052",4,0.08%
Haddon Heights borough,Camden,2020,"5,504",28,0.51%
Haddon township,Camden,2015,"9,557",11,0.12%
Haddon township,Camden,2020,"9,835",80,0.81%
Haddonfield borough,Camden,2015,"7,803",13,0.17%
Haddonfield borough,Camden,2020,"7,545",103,1.37%
Hainesport township,Burlington,2015,"4,666",3,0.06%
Hainesport township,Burlington,2020,"4,882",34,0.70%
Haledon borough,Passaic,2015,"4,196",3,0.06%
Haledon borough,Passaic,2020,"4,477",17,0.38%
Hamburg borough,Sussex,2015,"2,359",2,0.06%
Hamburg borough,Sussex,2020,"2,337",11,0.47%
Hamilton township,Atlantic,2015,"16,283",9,0.06%
Hamilton township,Atlantic,2020,"16,747",51,0.30%
Hamilton township,Mercer,2015,"58,255",32,0.05%
Hamilton township,Mercer,2020,"60,294",256,0.42%
Hammonton town,Atlantic,2015,"9,456",9,0.09%
Hammonton town,Atlantic,2020,"9,278",43,0.46%
Hampton borough,Hunterdon,2015,907,1,0.08%
Hampton borough,Hunterdon,2020,973,6,0.62%
Hampton township,Sussex,2015,"3,947",2,0.04%
Hampton township,Sussex,2020,"3,680",13,0.35%
Hanover township,Morris,2015,"10,005",13,0.13%
Hanover township,Morris,2020,"10,681",83,0.78%
Harding township,Morris,2015,"3,074",4,0.13%
Harding township,Morris,2020,"3,210",45,1.40%
Hardwick township,Warren,2015,"1,099",1,0.05%
Hardwick township,Warren,2020,"1,152",6,0.52%
Hardyston township,Sussex,2015,"6,054",4,0.07%
Hardyston township,Sussex,2020,"6,098",22,0.36%
Harmony township,Warren,2015,"2,031",1,0.03%
Harmony township,Warren,2020,"2,198",4,0.18%
Harrington Park borough,Bergen,2015,"3,117",3,0.10%
Harrington Park borough,Bergen,2020,"3,575",38,1.06%
Harrison town,Hudson,2015,"5,730",4,0.06%
Harrison town,Hudson,2020,"7,223",36,0.50%
Harrison township,Gloucester,2015,"8,453",9,0.11%
Harrison township,Gloucester,2020,"8,938",80,0.90%
Harvey Cedars borough,Ocean,2015,357,0,0.08%
Harvey Cedars borough,Ocean,2020,388,3,0.77%
Hasbrouck Heights borough,Bergen,2015,"7,454",5,0.07%
Hasbrouck Heights borough,Bergen,2020,"7,190",56,0.78%
Haworth borough,Bergen,2015,"2,358",2,0.09%
Haworth borough,Bergen,2020,"2,289",30,1.31%
Hawthorne borough,Passaic,2015,"12,032",6,0.05%
Hawthorne borough,Passaic,2020,"12,681",52,0.41%
Hazlet township,Monmouth,2015,"13,764",8,0.06%
Hazlet township,Monmouth,2020,"14,045",53,0.38%
Helmetta borough,Middlesex,2015,"1,546",1,0.06%
Helmetta borough,Middlesex,2020,"1,713",10,0.58%
High Bridge borough,Hunterdon,2015,"2,677",0,0.00%
High Bridge borough,Hunterdon,2020,"2,680",13,0.49%
Highland Park borough,Middlesex,2015,"7,642",11,0.14%
Highland Park borough,Middlesex,2020,"8,593",79,0.92%
Highlands borough,Monmouth,2015,"3,595",1,0.03%
Highlands borough,Monmouth,2020,"3,713",17,0.46%
Hightstown borough,Mercer,2015,"3,442",4,0.13%
Hightstown borough,Mercer,2020,"3,211",39,1.21%
Hillsborough township,Somerset,2015,"26,430",30,0.11%
Hillsborough township,Somerset,2020,"27,697",337,1.22%
Hillsdale borough,Bergen,2015,"6,741",2,0.03%
Hillsdale borough,Bergen,2020,"7,288",48,0.66%
Hillside township,Union,2015,"11,814",5,0.04%
Hillside township,Union,2020,"12,545",28,0.22%
Hi-Nella borough,Camden,2015,498,1,0.12%
Hi-Nella borough,Camden,2020,778,3,0.39%
Hoboken city,Hudson,2015,"19,782",17,0.09%
Hoboken city,Hudson,2020,"20,009",205,1.02%
Ho-Ho-Kus borough,Bergen,2015,"2,735",7,0.26%
Ho-Ho-Kus borough,Bergen,2020,"2,826",50,1.77%
Holland township,Hunterdon,2015,"4,131",3,0.08%
Holland township,Hunterdon,2020,"4,091",15,0.37%
Holmdel township,Monmouth,2015,"11,350",25,0.22%
Holmdel township,Monmouth,2020,"12,341",202,1.64%
Hopatcong borough,Sussex,2015,"10,925",4,0.04%
Hopatcong borough,Sussex,2020,"11,159",39,0.35%
Hope township,Warren,2015,"1,471",1,0.05%
Hope township,Warren,2020,"1,590",7,0.44%
Hopewell borough,Mercer,2015,"1,424",6,0.45%
Hopewell borough,Mercer,2020,"1,330",34,2.56%
Hopewell township,Cumberland,2015,"3,103",1,0.03%
Hopewell township,Cumberland,2020,"2,983",5,0.17%
Hopewell township,Mercer,2015,"13,216",26,0.20%
Hopewell township,Mercer,2020,"12,631",205,1.62%
Howell township,Monmouth,2015,"34,798",19,0.05%
Howell township,Monmouth,2020,"35,755",177,0.50%
Independence township,Warren,2015,"4,154",2,0.04%
Independence township,Warren,2020,"4,616",16,0.35%
Interlaken borough,Monmouth,2015,667,0,0.04%
Interlaken borough,Monmouth,2020,657,4,0.61%
Irvington township,Essex,2015,"20,693",0,0.00%
Irvington township,Essex,2020,"22,268",21,0.09%
Island Heights borough,Ocean,2015,"1,273",2,0.16%
Island Heights borough,Ocean,2020,"1,289",9,0.70%
Jackson township,Ocean,2015,"38,627",21,0.05%
Jackson township,Ocean,2020,"40,229",189,0.47%
Jamesburg borough,Middlesex,2015,"3,463",4,0.11%
Jamesburg borough,Middlesex,2020,"3,806",45,1.18%
Jefferson township,Morris,2015,"15,646",10,0.06%
Jefferson township,Morris,2020,"15,765",57,0.36%
Jersey City city,Hudson,2015,"81,724",49,0.06%
Jersey City city,Hudson,2020,"88,454",737,0.83%
Keansburg borough,Monmouth,2015,"5,778",0,0.00%
Keansburg borough,Monmouth,2020,"5,860",10,0.17%
Kearny town,Hudson,2015,"20,607",8,0.04%
Kearny town,Hudson,2020,"20,519",51,0.25%
Kenilworth borough,Union,2015,"5,293",1,0.02%
Kenilworth borough,Union,2020,"5,182",18,0.35%
Keyport borough,Monmouth,2015,"4,212",3,0.08%
Keyport borough,Monmouth,2020,"4,682",22,0.47%
Kingwood township,Hunterdon,2015,"3,006",3,0.11%
Kingwood township,Hunterdon,2020,"3,142",20,0.64%
Kinnelon borough,Morris,2015,"7,680",3,0.04%
Kinnelon borough,Morris,2020,"7,682",48,0.62%
Knowlton township,Warren,2015,"2,211",1,0.03%
Knowlton township,Warren,2020,"2,377",9,0.38%
Lacey township,Ocean,2015,"20,857",7,0.03%
Lacey township,Ocean,2020,"22,629",65,0.29%
Lafayette township,Sussex,2015,"1,731",1,0.06%
Lafayette township,Sussex,2020,"1,631",6,0.37%
Lake Como borough,Monmouth,2015,"1,054",1,0.09%
Lake Como borough,Monmouth,2020,"1,336",10,0.75%
Lakehurst borough,Ocean,2015,"1,524",2,0.12%
Lakehurst borough,Ocean,2020,"1,819",6,0.33%
Lakewood township,Ocean,2015,"33,720",6,0.02%
Lakewood township,Ocean,2020,"34,782",421,1.21%
Lambertville city,Hunterdon,2015,"3,160",5,0.16%
Lambertville city,Hunterdon,2020,"2,880",36,1.25%
Laurel Springs borough,Camden,2015,"1,267",0,0.03%
Laurel Springs borough,Camden,2020,"1,275",3,0.24%
Lavallette borough,Ocean,2015,"1,597",1,0.08%
Lavallette borough,Ocean,2020,"1,785",6,0.34%
Lawnside borough,Camden,2015,"1,547",0,0.00%
Lawnside borough,Camden,2020,"1,906",6,0.31%
Lawrence township,Cumberland,2015,"2,034",0,0.01%
Lawrence township,Cumberland,2020,"2,164",7,0.32%
Lawrence township,Mercer,2015,"21,570",43,0.20%
Lawrence township,Mercer,2020,"21,566",237,1.10%
Lebanon borough,Hunterdon,2015,"1,347",2,0.16%
Lebanon borough,Hunterdon,2020,"1,511",17,1.13%
Lebanon township,Hunterdon,2015,"5,228",6,0.12%
Lebanon township,Hunterdon,2020,"5,122",35,0.68%
Leonia borough,Bergen,2015,"5,103",7,0.14%
Leonia borough,Bergen,2020,"5,551",54,0.97%
Liberty township,Warren,2015,"2,133",1,0.06%
Liberty township,Warren,2020,"2,313",5,0.22%
Lincoln Park borough,Morris,2015,"7,119",1,0.01%
Lincoln Park borough,Morris,2020,"7,325",25,0.34%
Linden city,Union,2015,"22,877",12,0.05%
Linden city,Union,2020,"24,492",70,0.29%
Lindenwold borough,Camden,2015,"9,546",4,0.05%
Lindenwold borough,Camden,2020,"9,753",27,0.28%
Linwood city,Atlantic,2015,"4,728",1,0.02%
Linwood city,Atlantic,2020,"4,982",40,0.80%
Little Egg Harbor township,Ocean,2015,"14,316",7,0.05%
Little Egg Harbor township,Ocean,2020,"15,732",43,0.27%
Little Falls township,Passaic,2015,"8,799",4,0.04%
Little Falls township,Passaic,2020,"9,770",40,0.41%
Little Ferry borough,Bergen,2015,"6,242",4,0.06%
Little Ferry borough,Bergen,2020,"6,873",21,0.31%
Little Silver borough,Monmouth,2015,"4,255",2,0.05%
Little Silver borough,Monmouth,2020,"4,348",38,0.87%
Livingston township,Essex,2015,"19,288",32,0.16%
Livingston township,Essex,2020,"20,000",382,1.91%
Loch Arbour village,Monmouth,2015,132,0,0.15%
Loch Arbour village,Monmouth,2020,148,6,4.05%
Lodi borough,Bergen,2015,"13,518",6,0.04%
Lodi borough,Bergen,2020,"13,523",41,0.30%
Logan township,Gloucester,2015,"4,126",2,0.04%
Logan township,Gloucester,2020,"4,075",23,0.56%
Long Beach township,Ocean,2015,"2,591",2,0.09%
Long Beach township,Ocean,2020,"2,486",21,0.84%
Long Branch city,Monmouth,2015,"16,830",11,0.06%
Long Branch city,Monmouth,2020,"18,358",127,0.69%
Long Hill township,Morris,2015,"6,215",8,0.13%
Long Hill township,Morris,2020,"6,223",77,1.24%
Longport borough,Atlantic,2015,735,1,0.12%
Longport borough,Atlantic,2020,706,9,1.27%
Lopatcong township,Warren,2015,"5,458",2,0.04%
Lopatcong township,Warren,2020,"6,098",16,0.26%
Lower Alloways Creek township,Salem,2015,"1,208",0,0.02%
Lower Alloways Creek township,Salem,2020,"1,391",2,0.14%
Lower township,Cape May,2015,"15,385",6,0.04%
Lower township,Cape May,2020,"16,172",94,0.58%
Lumberton township,Burlington,2015,"8,118",6,0.07%
Lumberton township,Burlington,2020,"8,516",49,0.58%
Lyndhurst township,Bergen,2015,"12,696",4,0.03%
Lyndhurst township,Bergen,2020,"15,267",43,0.28%
Madison borough,Morris,2015,"9,726",15,0.15%
Madison borough,Morris,2020,"10,100",147,1.46%
Magnolia borough,Camden,2015,"2,658",3,0.13%
Magnolia borough,Camden,2020,"2,846",9,0.32%
Mahwah township,Bergen,2015,"16,288",12,0.07%
Mahwah township,Bergen,2020,"17,368",161,0.93%
Manalapan township,Monmouth,2015,"26,959",22,0.08%
Manalapan township,Monmouth,2020,"27,480",249,0.91%
Manasquan borough,Monmouth,2015,"4,287",2,0.04%
Manasquan borough,Monmouth,2020,"4,509",44,0.98%
Manchester township,Ocean,2015,"30,775",14,0.04%
Manchester township,Ocean,2020,"31,152",71,0.23%
Mannington township,Salem,2015,975,0,0.03%
Mannington township,Salem,2020,"1,026",3,0.29%
Mansfield township,Burlington,2015,"6,424",8,0.12%
Mansfield township,Burlington,2020,"6,595",58,0.88%
Mansfield township,Warren,2015,"5,771",4,0.06%
Mansfield township,Warren,2020,"4,903",24,0.49%
Mantoloking borough,Ocean,2015,286,0,0.10%
Mantoloking borough,Ocean,2020,381,4,1.05%
Mantua township,Gloucester,2015,"10,726",5,0.04%
Mantua township,Gloucester,2020,"10,543",51,0.48%
Manville borough,Somerset,2015,"6,219",3,0.05%
Manville borough,Somerset,2020,"6,812",18,0.26%
Maple Shade township,Burlington,2015,"12,599",5,0.04%
Maple Shade township,Burlington,2020,"12,503",33,0.26%
Maplewood township,Essex,2015,"12,606",22,0.17%
Maplewood township,Essex,2020,"13,259",208,1.57%
Margate City city,Atlantic,2015,"4,817",3,0.06%
Margate City city,Atlantic,2020,"4,699",56,1.19%
Marlboro township,Monmouth,2015,"27,015",32,0.12%
Marlboro township,Monmouth,2020,"27,464",414,1.51%
Matawan borough,Monmouth,2015,"5,886",4,0.07%
Matawan borough,Monmouth,2020,"5,732",46,0.80%
Maurice River township,Cumberland,2015,"2,178",0,0.01%
Maurice River township,Cumberland,2020,"1,850",2,0.11%
Maywood borough,Bergen,2015,"5,616",4,0.07%
Maywood borough,Bergen,2020,"6,228",28,0.45%
Medford Lakes borough,Burlington,2015,"3,042",3,0.11%
Medford Lakes borough,Burlington,2020,"2,960",26,0.88%
Medford township,Burlington,2015,"16,389",23,0.14%
Medford township,Burlington,2020,"17,470",174,1.00%
Mendham borough,Morris,2015,"3,191",8,0.24%
Mendham borough,Morris,2020,"3,428",55,1.60%
Mendham township,Morris,2015,"4,102",6,0.15%
Mendham township,Morris,2020,"4,408",53,1.20%
Merchantville borough,Camden,2015,"2,262",2,0.09%
Merchantville borough,Camden,2020,"2,120",12,0.57%
Metuchen borough,Middlesex,2015,"8,704",8,0.10%
Metuchen borough,Middlesex,2020,"8,978",84,0.94%
Middle township,Cape May,2015,"12,138",11,0.09%
Middle township,Cape May,2020,"13,110",60,0.46%
Middlesex borough,Middlesex,2015,"9,150",1,0.01%
Middlesex borough,Middlesex,2020,"9,146",23,0.25%
Middletown township,Monmouth,2015,"45,668",32,0.07%
Middletown township,Monmouth,2020,"46,745",233,0.50%
Midland Park borough,Bergen,2015,"4,594",6,0.13%
Midland Park borough,Bergen,2020,"5,123",29,0.57%
Milford borough,Hunterdon,2015,865,1,0.09%
Milford borough,Hunterdon,2020,"1,011",4,0.40%
Millburn township,Essex,2015,"12,477",26,0.21%
Millburn township,Essex,2020,"13,020",414,3.18%
Millstone borough,Somerset,2015,314,0,0.10%
Millstone borough,Somerset,2020,441,4,0.91%
Millstone township,Monmouth,2015,"7,600",13,0.17%
Millstone township,Monmouth,2020,"8,474",75,0.89%
Milltown borough,Middlesex,2015,"4,955",6,0.13%
Milltown borough,Middlesex,2020,"4,894",35,0.72%
Millville city,Cumberland,2015,"16,275",10,0.06%
Millville city,Cumberland,2020,"18,722",43,0.23%
Mine Hill township,Morris,2015,"2,249",0,0.00%
Mine Hill township,Morris,2020,"2,549",7,0.27%
Monmouth Beach borough,Monmouth,2015,"2,518",3,0.12%
Monmouth Beach borough,Monmouth,2020,"2,539",69,2.72%
Monroe township,Gloucester,2015,"23,516",13,0.05%
Monroe township,Gloucester,2020,"25,618",82,0.32%
Monroe township,Middlesex,2015,"28,818",41,0.14%
Monroe township,Middlesex,2020,"32,072",491,1.53%
Montague township,Sussex,2015,"2,681",2,0.06%
Montague township,Sussex,2020,"3,008",11,0.37%
Montclair township,Essex,2015,"21,455",39,0.18%
Montclair township,Essex,2020,"21,667",395,1.82%
Montgomery township,Somerset,2015,"14,935",35,0.24%
Montgomery township,Somerset,2020,"15,454",383,2.48%
Montvale borough,Bergen,2015,"5,358",5,0.09%
Montvale borough,Bergen,2020,"5,634",54,0.96%
Montville township,Morris,2015,"15,160",15,0.10%
Montville township,Morris,2020,"16,031",201,1.25%
Moonachie borough,Bergen,2015,"1,587",1,0.06%
Moonachie borough,Bergen,2020,"1,461",7,0.48%
Moorestown township,Burlington,2015,"14,311",23,0.16%
Moorestown township,Burlington,2020,"14,601",250,1.71%
Morris Plains borough,Morris,2015,"3,833",5,0.13%
Morris Plains borough,Morris,2020,"4,540",49,1.08%
Morris township,Morris,2015,"15,584",20,0.13%
Morris township,Morris,2020,"16,169",165,1.02%
Morristown town,Morris,2015,"10,434",21,0.20%
Morristown town,Morris,2020,"12,924",170,1.32%
Mount Arlington borough,Morris,2015,"3,744",0,0.01%
Mount Arlington borough,Morris,2020,"4,219",14,0.33%
Mount Ephraim borough,Camden,2015,"2,886",1,0.03%
Mount Ephraim borough,Camden,2020,"3,523",13,0.37%
Mount Holly township,Burlington,2015,"5,327",5,0.09%
Mount Holly township,Burlington,2020,"5,580",28,0.50%
Mount Laurel township,Burlington,2015,"29,434",26,0.09%
Mount Laurel township,Burlington,2020,"30,924",228,0.74%
Mount Olive township,Morris,2015,"19,279",11,0.06%
Mount Olive township,Morris,2020,"19,819",102,0.51%
Mountain Lakes borough,Morris,2015,"2,997",6,0.20%
Mountain Lakes borough,Morris,2020,"2,977",90,3.02%
Mountainside borough,Union,2015,"4,626",7,0.15%
Mountainside borough,Union,2020,"4,870",59,1.21%
Mullica township,Atlantic,2015,"4,152",3,0.07%
Mullica township,Atlantic,2020,"4,112",15,0.36%
National Park borough,Gloucester,2015,"1,809",0,0.00%
National Park borough,Gloucester,2020,"2,076",2,0.10%
Neptune City borough,Monmouth,2015,"2,931",1,0.04%
Neptune City borough,Monmouth,2020,"3,334",11,0.33%
Neptune township,Monmouth,2015,"17,382",6,0.04%
Neptune township,Monmouth,2020,"18,577",57,0.31%
Netcong borough,Morris,2015,"2,178",0,0.00%
Netcong borough,Morris,2020,"2,389",5,0.21%
New Brunswick city,Middlesex,2015,"14,721",10,0.07%
New Brunswick city,Middlesex,2020,"17,457",62,0.36%
New Hanover township,Burlington,2015,"1,160",1,0.07%
New Hanover township,Burlington,2020,"1,913",9,0.47%
New Milford borough,Bergen,2015,"10,231",5,0.05%
New Milford borough,Bergen,2020,"10,211",54,0.53%
New Providence borough,Union,2015,"7,562",5,0.06%
New Providence borough,Union,2020,"9,004",103,1.14%
Newark city,Essex,2015,"79,073",20,0.03%
Newark city,Essex,2020,"92,490",141,0.15%
Newfield borough,Gloucester,2015,"1,132",1,0.11%
Newfield borough,Gloucester,2020,"1,093",5,0.46%
Newton town,Sussex,2015,"4,296",3,0.06%
Newton town,Sussex,2020,"5,360",21,0.39%
North Arlington borough,Bergen,2015,"9,560",5,0.05%
North Arlington borough,Bergen,2020,"10,464",34,0.32%
North Bergen township,Hudson,2015,"25,672",8,0.03%
North Bergen township,Hudson,2020,"25,912",94,0.36%
North Brunswick township,Middlesex,2015,"24,907",19,0.07%
North Brunswick township,Middlesex,2020,"24,070",204,0.85%
North Caldwell borough,Essex,2015,"4,728",3,0.05%
North Caldwell borough,Essex,2020,"4,827",37,0.77%
North Haledon borough,Passaic,2015,"5,998",3,0.05%
North Haledon borough,Passaic,2020,"5,594",19,0.34%
North Hanover township,Burlington,2015,"4,696",3,0.05%
North Hanover township,Burlington,2020,"4,970",22,0.44%
North Plainfield borough,Somerset,2015,"11,991",7,0.06%
North Plainfield borough,Somerset,2020,"13,007",35,0.27%
North Wildwood city,Cape May,2015,"2,718",2,0.06%
North Wildwood city,Cape May,2020,"2,724",47,1.73%
Northfield city,Atlantic,2015,"5,516",3,0.05%
Northfield city,Atlantic,2020,"5,601",19,0.34%
Northvale borough,Bergen,2015,"3,156",4,0.12%
Northvale borough,Bergen,2020,"3,434",24,0.70%
Norwood borough,Bergen,2015,"4,133",0,0.00%
Norwood borough,Bergen,2020,"3,698",52,1.41%
Nutley township,Essex,2015,"18,002",7,0.04%
Nutley township,Essex,2020,"18,561",90,0.48%
Oakland borough,Bergen,2015,"9,035",5,0.06%
Oakland borough,Bergen,2020,"8,908",59,0.66%
Oaklyn borough,Camden,2015,"2,709",2,0.08%
Oaklyn borough,Camden,2020,"2,819",13,0.46%
Ocean City city,Cape May,2015,"7,512",5,0.07%
Ocean City city,Cape May,2020,"8,012",89,1.11%
Ocean Gate borough,Ocean,2015,"1,410",0,0.00%
Ocean Gate borough,Ocean,2020,"1,037",3,0.29%
Ocean township,Monmouth,2015,"18,175",13,0.07%
Ocean township,Monmouth,2020,"18,626",146,0.78%
Ocean township,Ocean,2015,"6,884",1,0.02%
Ocean township,Ocean,2020,"7,047",15,0.21%
Oceanport borough,Monmouth,2015,"4,035",3,0.07%
Oceanport borough,Monmouth,2020,"4,623",23,0.50%
Ogdensburg borough,Sussex,2015,"1,743",0,0.00%
Ogdensburg borough,Sussex,2020,"1,580",1,0.06%
Old Bridge township,Middlesex,2015,"42,870",20,0.05%
Old Bridge township,Middlesex,2020,"44,998",234,0.52%
Old Tappan borough,Bergen,2015,"4,104",4,0.10%
Old Tappan borough,Bergen,2020,"4,064",41,1.01%
Oldmans township,Salem,2015,"1,316",0,0.00%
Oldmans township,Salem,2020,"1,229",8,0.65%
Oradell borough,Bergen,2015,"5,314",8,0.15%
Oradell borough,Bergen,2020,"5,657",51,0.90%
Oxford township,Warren,2015,"1,730",1,0.03%
Oxford township,Warren,2020,"1,957",4,0.20%
Palisades Park borough,Bergen,2015,"9,964",3,0.03%
Palisades Park borough,Bergen,2020,"10,493",72,0.69%
Palmyra borough,Burlington,2015,"5,046",9,0.18%
Palmyra borough,Burlington,2020,"4,736",19,0.40%
Paramus borough,Bergen,2015,"16,641",15,0.09%
Paramus borough,Bergen,2020,"16,692",231,1.38%
Park Ridge borough,Bergen,2015,"5,742",4,0.07%
Park Ridge borough,Bergen,2020,"6,357",48,0.76%
Parsippany-Troy Hills township,Morris,2015,"34,684",29,0.08%
Parsippany-Troy Hills township,Morris,2020,"34,525",315,0.91%
Passaic city,Passaic,2015,"17,246",3,0.02%
Passaic city,Passaic,2020,"20,386",42,0.21%
Paterson city,Passaic,2015,"43,819",7,0.02%
Paterson city,Passaic,2020,"48,712",67,0.14%
Paulsboro borough,Gloucester,2015,"3,234",0,0.00%
Paulsboro borough,Gloucester,2020,"3,650",5,0.14%
Peapack and Gladstone borough,Somerset,2015,"1,787",6,0.34%
Peapack and Gladstone borough,Somerset,2020,"1,751",30,1.71%
Pemberton borough,Burlington,2015,"1,032",1,0.09%
Pemberton borough,Burlington,2020,"1,150",5,0.43%
Pemberton township,Burlington,2015,"18,353",11,0.06%
Pemberton township,Burlington,2020,"18,963",50,0.26%
Pennington borough,Mercer,2015,"1,779",6,0.31%
Pennington borough,Mercer,2020,"1,734",55,3.17%
Penns Grove borough,Salem,2015,"2,061",0,0.02%
Penns Grove borough,Salem,2020,"2,209",7,0.32%
Pennsauken township,Camden,2015,"20,879",9,0.04%
Pennsauken township,Camden,2020,"20,601",51,0.25%
Pennsville township,Salem,2015,"9,387",5,0.05%
Pennsville township,Salem,2020,"9,086",16,0.18%
Pequannock township,Morris,2015,"10,514",2,0.02%
Pequannock township,Morris,2020,"10,526",38,0.36%
Perth Amboy city,Middlesex,2015,"20,012",9,0.04%
Perth Amboy city,Middlesex,2020,"21,105",44,0.21%
Phillipsburg town,Warren,2015,"8,309",4,0.04%
Phillipsburg town,Warren,2020,"8,960",22,0.25%
Pilesgrove township,Salem,2015,"2,877",1,0.03%
Pilesgrove township,Salem,2020,"3,084",17,0.55%
Pine Beach borough,Ocean,2015,"1,608",0,0.00%
Pine Beach borough,Ocean,2020,"1,788",5,0.28%
Pine Hill borough,Camden,2015,"5,938",3,0.04%
Pine Hill borough,Camden,2020,"7,069",17,0.24%
Pine Valley borough,Camden,2015,2,0,0.00%
Pine Valley borough,Camden,2020,13,#N/A,#N/A
Piscataway township,Middlesex,2015,"30,116",26,0.09%
Piscataway township,Middlesex,2020,"29,930",279,0.93%
Pitman borough,Gloucester,2015,"6,148",2,0.03%
Pitman borough,Gloucester,2020,"5,955",29,0.49%
Pittsgrove township,Salem,2015,"6,576",2,0.04%
Pittsgrove township,Salem,2020,"6,765",18,0.27%
Plainfield city,Union,2015,"20,832",16,0.08%
Plainfield city,Union,2020,"22,027",81,0.37%
Plainsboro township,Middlesex,2015,"15,022",21,0.14%
Plainsboro township,Middlesex,2020,"14,771",249,1.69%
Pleasantville city,Atlantic,2015,"9,155",1,0.01%
Pleasantville city,Atlantic,2020,"9,236",7,0.08%
Plumsted township,Ocean,2015,"5,847",2,0.03%
Plumsted township,Ocean,2020,"6,902",23,0.33%
Pohatcong township,Warren,2015,"2,480",1,0.04%
Pohatcong township,Warren,2020,"2,740",6,0.22%
Point Pleasant Beach borough,Ocean,2015,"3,324",4,0.13%
Point Pleasant Beach borough,Ocean,2020,"3,327",32,0.96%
Point Pleasant borough,Ocean,2015,"13,208",10,0.07%
Point Pleasant borough,Ocean,2020,"14,322",73,0.51%
Pompton Lakes borough,Passaic,2015,"7,062",1,0.01%
Pompton Lakes borough,Passaic,2020,"7,385",32,0.43%
Port Republic city,Atlantic,2015,759,1,0.13%
Port Republic city,Atlantic,2020,"1,104",7,0.63%
Princeton,Mercer,2015,"14,615",54,0.37%
Princeton,Mercer,2020,"15,263",450,2.95%
Prospect Park borough,Passaic,2015,"2,634",2,0.06%
Prospect Park borough,Passaic,2020,"2,489",11,0.44%
Quinton township,Salem,2015,"1,872",0,0.02%
Quinton township,Salem,2020,"2,002",3,0.15%
Rahway city,Union,2015,"15,960",9,0.06%
Rahway city,Union,2020,"17,502",64,0.37%
Ramsey borough,Bergen,2015,"10,570",13,0.12%
Ramsey borough,Bergen,2020,"10,392",84,0.81%
Randolph township,Morris,2015,"17,804",10,0.06%
Randolph township,Morris,2020,"17,731",169,0.95%
Raritan borough,Somerset,2015,"4,431",3,0.07%
Raritan borough,Somerset,2020,"5,228",33,0.63%
Raritan township,Hunterdon,2015,"15,877",14,0.09%
Raritan township,Hunterdon,2020,"16,670",133,0.80%
Readington township,Hunterdon,2015,"12,675",15,0.11%
Readington township,Hunterdon,2020,"12,780",97,0.76%
Red Bank borough,Monmouth,2015,"6,466",9,0.13%
Red Bank borough,Monmouth,2020,"7,444",60,0.81%
Ridgefield borough,Bergen,2015,"6,463",5,0.08%
Ridgefield borough,Bergen,2020,"6,673",26,0.39%
Ridgefield Park village,Bergen,2015,"6,817",8,0.12%
Ridgefield Park village,Bergen,2020,"7,146",38,0.53%
Ridgewood village,Bergen,2015,"15,735",24,0.15%
Ridgewood village,Bergen,2020,"15,805",291,1.84%
Ringwood borough,Passaic,2015,"8,479",7,0.08%
Ringwood borough,Passaic,2020,"8,988",59,0.66%
River Edge borough,Bergen,2015,"7,194",2,0.03%
River Edge borough,Bergen,2020,"7,587",70,0.92%
River Vale township,Bergen,2015,"6,607",7,0.11%
River Vale township,Bergen,2020,"6,916",70,1.01%
Riverdale borough,Morris,2015,"3,326",3,0.09%
Riverdale borough,Morris,2020,"3,258",14,0.43%
Riverside township,Burlington,2015,"4,887",3,0.06%
Riverside township,Burlington,2020,"4,848",17,0.35%
Riverton borough,Burlington,2015,"1,943",2,0.09%
Riverton borough,Burlington,2020,"1,913",12,0.63%
Robbinsville township,Mercer,2015,"9,667",11,0.12%
Robbinsville township,Mercer,2020,"9,874",128,1.30%
Rochelle Park township,Bergen,2015,"3,525",1,0.03%
Rochelle Park township,Bergen,2020,"3,811",11,0.29%
Rockaway borough,Morris,2015,"4,224",4,0.08%
Rockaway borough,Morris,2020,"4,342",25,0.58%
Rockaway township,Morris,2015,"17,039",9,0.05%
Rockaway township,Morris,2020,"18,459",76,0.41%
Rockleigh borough,Bergen,2015,164,0,0.12%
Rockleigh borough,Bergen,2020,174,2,1.15%
Rocky Hill borough,Somerset,2015,440,1,0.23%
Rocky Hill borough,Somerset,2020,434,10,2.30%
Roosevelt borough,Monmouth,2015,526,0,0.02%
Roosevelt borough,Monmouth,2020,589,5,0.85%
Roseland borough,Essex,2015,"4,296",4,0.09%
Roseland borough,Essex,2020,"4,219",54,1.28%
Roselle borough,Union,2015,"10,664",3,0.03%
Roselle borough,Union,2020,"11,487",21,0.18%
Roselle Park borough,Union,2015,"8,058",6,0.07%
Roselle Park borough,Union,2020,"8,612",26,0.30%
Roxbury township,Morris,2015,"15,971",9,0.05%
Roxbury township,Morris,2020,"17,015",63,0.37%
Rumson borough,Monmouth,2015,"4,817",18,0.38%
Rumson borough,Monmouth,2020,"4,605",74,1.61%
Runnemede borough,Camden,2015,"5,025",2,0.04%
Runnemede borough,Camden,2020,"5,272",12,0.23%
Rutherford borough,Bergen,2015,"11,083",6,0.06%
Rutherford borough,Bergen,2020,"10,961",70,0.64%
Saddle Brook township,Bergen,2015,"9,434",1,0.01%
Saddle Brook township,Bergen,2020,"8,792",27,0.31%
Saddle River borough,Bergen,2015,"2,487",8,0.32%
Saddle River borough,Bergen,2020,"2,750",83,3.02%
Salem city,Salem,2015,"2,046",1,0.05%
Salem city,Salem,2020,"2,056",9,0.44%
Sandyston township,Sussex,2015,"1,519",1,0.09%
Sandyston township,Sussex,2020,"1,519",6,0.39%
Sayreville borough,Middlesex,2015,"27,715",9,0.03%
Sayreville borough,Middlesex,2020,"29,313",143,0.49%
Scotch Plains township,Union,2015,"16,037",15,0.09%
Scotch Plains township,Union,2020,"16,886",163,0.97%
Sea Bright borough,Monmouth,2015,"1,108",8,0.71%
Sea Bright borough,Monmouth,2020,"1,040",33,3.17%
Sea Girt borough,Monmouth,2015,"1,349",2,0.13%
Sea Girt borough,Monmouth,2020,"1,350",26,1.93%
Sea Isle City city,Cape May,2015,"1,398",0,0.00%
Sea Isle City city,Cape May,2020,"1,741",39,2.24%
Seaside Heights borough,Ocean,2015,"1,428",1,0.04%
Seaside Heights borough,Ocean,2020,"1,432",8,0.56%
Seaside Park borough,Ocean,2015,"1,357",0,0.00%
Seaside Park borough,Ocean,2020,"1,563",11,0.70%
Secaucus town,Hudson,2015,"10,098",13,0.13%
Secaucus town,Hudson,2020,"11,820",107,0.91%
Shamong township,Burlington,2015,"4,841",4,0.07%
Shamong township,Burlington,2020,"4,859",21,0.43%
Shiloh borough,Cumberland,2015,388,0,0.00%
Shiloh borough,Cumberland,2020,271,1,0.37%
Ship Bottom borough,Ocean,2015,766,1,0.10%
Ship Bottom borough,Ocean,2020,888,8,0.90%
Shrewsbury borough,Monmouth,2015,"2,685",5,0.19%
Shrewsbury borough,Monmouth,2020,"2,800",23,0.82%
Shrewsbury township,Monmouth,2015,693,1,0.07%
Shrewsbury township,Monmouth,2020,942,6,0.64%
Somerdale borough,Camden,2015,"3,442",3,0.08%
Somerdale borough,Camden,2020,"3,798",13,0.34%
Somers Point city,Atlantic,2015,"6,577",1,0.02%
Somers Point city,Atlantic,2020,"6,648",14,0.21%
Somerville borough,Somerset,2015,"7,081",8,0.11%
Somerville borough,Somerset,2020,"7,267",63,0.87%
South Amboy city,Middlesex,2015,"6,190",2,0.03%
South Amboy city,Middlesex,2020,"5,605",23,0.41%
South Bound Brook borough,Somerset,2015,"2,634",3,0.11%
South Bound Brook borough,Somerset,2020,"2,891",19,0.66%
South Brunswick township,Middlesex,2015,"29,344",49,0.17%
South Brunswick township,Middlesex,2020,"29,797",512,1.72%
South Hackensack township,Bergen,2015,"1,415",0,0.01%
South Hackensack township,Bergen,2020,"1,424",6,0.42%
South Harrison township,Gloucester,2015,"2,251",2,0.08%
South Harrison township,Gloucester,2020,"2,215",17,0.77%
South Orange Village township,Essex,2015,"8,398",21,0.25%
South Orange Village township,Essex,2020,"7,968",171,2.15%
South Plainfield borough,Middlesex,2015,"15,601",8,0.05%
South Plainfield borough,Middlesex,2020,"16,529",84,0.51%
South River borough,Middlesex,2015,"9,674",7,0.07%
South River borough,Middlesex,2020,"9,404",33,0.35%
South Toms River borough,Ocean,2015,"2,029",0,0.02%
South Toms River borough,Ocean,2020,"2,154",3,0.14%
Southampton township,Burlington,2015,"7,735",9,0.11%
Southampton township,Burlington,2020,"7,800",50,0.64%
Sparta township,Sussex,2015,"13,563",18,0.13%
Sparta township,Sussex,2020,"13,629",132,0.97%
Spotswood borough,Middlesex,2015,"5,461",2,0.04%
Spotswood borough,Middlesex,2020,"5,654",25,0.44%
Spring Lake borough,Monmouth,2015,"2,218",3,0.11%
Spring Lake borough,Monmouth,2020,"2,412",26,1.08%
Spring Lake Heights borough,Monmouth,2015,"3,506",4,0.12%
Spring Lake Heights borough,Monmouth,2020,"3,240",42,1.30%
Springfield township,Burlington,2015,"2,572",1,0.05%
Springfield township,Burlington,2020,"2,677",11,0.41%
Springfield township,Union,2015,"11,511",4,0.04%
Springfield township,Union,2020,"12,027",70,0.58%
Stafford township,Ocean,2015,"18,722",7,0.04%
Stafford township,Ocean,2020,"20,829",90,0.43%
Stanhope borough,Sussex,2015,"2,584",1,0.04%
Stanhope borough,Sussex,2020,"2,409",7,0.29%
Stillwater township,Sussex,2015,"3,113",1,0.04%
Stillwater township,Sussex,2020,"3,216",10,0.31%
Stockton borough,Hunterdon,2015,436,1,0.11%
Stockton borough,Hunterdon,2020,474,4,0.84%
Stone Harbor borough,Cape May,2015,648,1,0.15%
Stone Harbor borough,Cape May,2020,749,24,3.20%
Stow Creek township,Cumberland,2015,"1,175",0,0.03%
Stow Creek township,Cumberland,2020,815,2,0.25%
Stratford borough,Camden,2015,"4,398",2,0.05%
Stratford borough,Camden,2020,"4,584",9,0.20%
Summit city,Union,2015,"13,018",32,0.25%
Summit city,Union,2020,"13,912",224,1.61%
Surf City borough,Ocean,2015,939,1,0.07%
Surf City borough,Ocean,2020,"1,094",6,0.55%
Sussex borough,Sussex,2015,"1,161",1,0.09%
Sussex borough,Sussex,2020,"1,204",6,0.50%
Swedesboro borough,Gloucester,2015,"1,510",1,0.08%
Swedesboro borough,Gloucester,2020,"1,570",16,1.02%
Tabernacle township,Burlington,2015,"5,297",4,0.07%
Tabernacle township,Burlington,2020,"6,157",23,0.37%
Tavistock borough,Camden,2015,6,0,0.00%
Tavistock borough,Camden,2020,6,1,16.67%
Teaneck township,Bergen,2015,"21,614",20,0.09%
Teaneck township,Bergen,2020,"22,086",173,0.78%
Tenafly borough,Bergen,2015,"8,787",17,0.19%
Tenafly borough,Bergen,2020,"8,661",241,2.78%
Teterboro borough,Bergen,2015,53,0,0.00%
Teterboro borough,Bergen,2020,49,1,2.04%
Tewksbury township,Hunterdon,2015,"4,920",6,0.12%
Tewksbury township,Hunterdon,2020,"4,419",50,1.13%
Tinton Falls borough,Monmouth,2015,"11,725",7,0.06%
Tinton Falls borough,Monmouth,2020,"12,388",65,0.52%
Toms River township,Ocean,2015,"61,597",27,0.04%
Toms River township,Ocean,2020,"64,822",291,0.45%
Totowa borough,Passaic,2015,"6,392",1,0.02%
Totowa borough,Passaic,2020,"7,197",44,0.61%
Trenton city,Mercer,2015,"29,482",8,0.03%
Trenton city,Mercer,2020,"31,840",69,0.22%
Tuckerton borough,Ocean,2015,"2,256",2,0.07%
Tuckerton borough,Ocean,2020,"2,475",9,0.36%
Union Beach borough,Monmouth,2015,"3,702",2,0.05%
Union Beach borough,Monmouth,2020,"3,875",12,0.31%
Union City city,Hudson,2015,"17,479",5,0.03%
Union City city,Hudson,2020,"20,593",54,0.26%
Union township,Hunterdon,2015,"3,838",4,0.09%
Union township,Hunterdon,2020,"3,365",26,0.77%
Union township,Union,2015,"34,244",9,0.03%
Union township,Union,2020,"37,148",109,0.29%
Upper Deerfield township,Cumberland,2015,"5,580",2,0.03%
Upper Deerfield township,Cumberland,2020,"4,844",9,0.19%
Upper Freehold township,Monmouth,2015,"5,221",3,0.07%
Upper Freehold township,Monmouth,2020,"5,338",42,0.79%
Upper Pittsgrove township,Salem,2015,"2,457",2,0.09%
Upper Pittsgrove township,Salem,2020,"2,506",11,0.44%
Upper Saddle River borough,Bergen,2015,"5,537",12,0.21%
Upper Saddle River borough,Bergen,2020,"5,797",123,2.12%
Upper township,Cape May,2015,"9,243",9,0.10%
Upper township,Cape May,2020,"9,527",39,0.41%
Ventnor City city,Atlantic,2015,"5,786",5,0.08%
Ventnor City city,Atlantic,2020,"6,068",31,0.51%
Vernon township,Sussex,2015,"16,891",12,0.07%
Vernon township,Sussex,2020,"17,451",67,0.38%
Verona township,Essex,2015,"8,811",5,0.06%
Verona township,Essex,2020,"9,179",81,0.88%
Victory Gardens borough,Morris,2015,764,0,0.01%
Victory Gardens borough,Morris,2020,867,2,0.23%
Vineland city,Cumberland,2015,"34,378",14,0.04%
Vineland city,Cumberland,2020,"37,321",102,0.27%
Voorhees township,Camden,2015,"18,068",26,0.14%
Voorhees township,Camden,2020,"19,384",241,1.24%
Waldwick borough,Bergen,2015,"6,660",4,0.06%
Waldwick borough,Bergen,2020,"6,463",28,0.43%
Wall township,Monmouth,2015,"18,509",10,0.05%
Wall township,Monmouth,2020,"19,821",119,0.60%
Wallington borough,Bergen,2015,"7,119",3,0.04%
Wallington borough,Bergen,2020,"7,339",27,0.37%
Walpack township,Sussex,2015,5,0,0.00%
Walpack township,Sussex,2020,8,1,12.50%
Wanaque borough,Passaic,2015,"7,375",3,0.04%
Wanaque borough,Passaic,2020,"8,215",32,0.39%
Wantage township,Sussex,2015,"8,198",5,0.06%
Wantage township,Sussex,2020,"8,443",27,0.32%
Warren township,Somerset,2015,"10,844",29,0.27%
Warren township,Somerset,2020,"11,357",258,2.27%
Washington borough,Warren,2015,"4,183",4,0.08%
Washington borough,Warren,2020,"4,638",17,0.37%
Washington township,Bergen,2015,"6,483",6,0.09%
Washington township,Bergen,2020,"6,674",59,0.88%
Washington township,Burlington,2015,642,0,0.03%
Washington township,Burlington,2020,499,2,0.40%
Washington township,Gloucester,2015,"31,718",18,0.06%
Washington township,Gloucester,2020,"33,559",142,0.42%
Washington township,Morris,2015,"13,313",13,0.10%
Washington township,Morris,2020,"13,124",96,0.73%
Washington township,Warren,2015,"5,015",3,0.06%
Washington township,Warren,2020,"5,262",15,0.29%
Watchung borough,Somerset,2015,"4,166",20,0.47%
Watchung borough,Somerset,2020,"4,082",105,2.57%
Waterford township,Camden,2015,"6,977",5,0.06%
Waterford township,Camden,2020,"7,941",17,0.21%
Wayne township,Passaic,2015,"34,528",19,0.06%
Wayne township,Passaic,2020,"35,517",232,0.65%
Weehawken township,Hudson,2015,"5,957",7,0.12%
Weehawken township,Hudson,2020,"7,680",84,1.09%
Wenonah borough,Gloucester,2015,"1,616",1,0.03%
Wenonah borough,Gloucester,2020,"1,593",8,0.50%
West Amwell township,Hunterdon,2015,"2,305",3,0.12%
West Amwell township,Hunterdon,2020,"2,373",21,0.88%
West Caldwell township,Essex,2015,"6,833",5,0.07%
West Caldwell township,Essex,2020,"7,859",70,0.89%
West Cape May borough,Cape May,2015,652,1,0.08%
West Cape May borough,Cape May,2020,789,9,1.14%
West Deptford township,Gloucester,2015,"14,963",3,0.02%
West Deptford township,Gloucester,2020,"14,484",44,0.30%
West Long Branch borough,Monmouth,2015,"4,810",7,0.15%
West Long Branch borough,Monmouth,2020,"5,048",54,1.07%
West Milford township,Passaic,2015,"18,726",9,0.05%
West Milford township,Passaic,2020,"19,828",67,0.34%
West New York town,Hudson,2015,"15,049",4,0.03%
West New York town,Hudson,2020,"15,432",94,0.61%
West Orange township,Essex,2015,"27,101",21,0.08%
West Orange township,Essex,2020,"27,309",254,0.93%
West Wildwood borough,Cape May,2015,331,0,0.06%
West Wildwood borough,Cape May,2020,313,6,1.92%
West Windsor township,Mercer,2015,"17,832",53,0.30%
West Windsor township,Mercer,2020,"18,347",508,2.77%
Westampton township,Burlington,2015,"6,096",5,0.07%
Westampton township,Burlington,2020,"6,395",22,0.34%
Westfield town,Union,2015,"19,416",23,0.12%
Westfield town,Union,2020,"19,514",268,1.37%
Westville borough,Gloucester,2015,"2,659",1,0.03%
Westville borough,Gloucester,2020,"2,545",5,0.20%
Westwood borough,Bergen,2015,"6,877",11,0.16%
Westwood borough,Bergen,2020,"7,258",105,1.45%
Weymouth township,Atlantic,2015,"2,012",1,0.03%
Weymouth township,Atlantic,2020,"2,456",5,0.20%
Wharton borough,Morris,2015,"3,623",0,0.00%
Wharton borough,Morris,2020,"4,081",17,0.42%
White township,Warren,2015,"3,516",1,0.02%
White township,Warren,2020,"3,418",8,0.23%
Wildwood city,Cape May,2015,"2,840",2,0.06%
Wildwood city,Cape May,2020,"2,382",48,2.02%
Wildwood Crest borough,Cape May,2015,"2,345",1,0.04%
Wildwood Crest borough,Cape May,2020,"2,610",29,1.11%
Willingboro township,Burlington,2015,"18,547",10,0.05%
Willingboro township,Burlington,2020,"20,513",41,0.20%
Winfield township,Union,2015,970,1,0.05%
Winfield township,Union,2020,"1,181",4,0.34%
Winslow township,Camden,2015,"24,412",17,0.07%
Winslow township,Camden,2020,"24,874",105,0.42%
Woodbine borough,Cape May,2015,"1,159",1,0.10%
Woodbine borough,Cape May,2020,"1,431",5,0.35%
Woodbridge township,Middlesex,2015,"57,597",26,0.04%
Woodbridge township,Middlesex,2020,"59,139",278,0.47%
Woodbury city,Gloucester,2015,"5,726",5,0.09%
Woodbury city,Gloucester,2020,"5,994",24,0.40%
Woodbury Heights borough,Gloucester,2015,"2,070",2,0.09%
Woodbury Heights borough,Gloucester,2020,"2,285",6,0.26%
Woodcliff Lake borough,Bergen,2015,"4,213",6,0.14%
Woodcliff Lake borough,Bergen,2020,"4,042",62,1.53%
Woodland Park borough,Passaic,2015,"7,417",4,0.06%
Woodland Park borough,Passaic,2020,"7,975",42,0.53%
Woodland township,Burlington,2015,"1,020",0,0.03%
Woodland township,Burlington,2020,"1,295",6,0.46%
Woodlynne borough,Camden,2015,"1,086",1,0.10%
Woodlynne borough,Camden,2020,"1,093",7,0.64%
Wood-Ridge borough,Bergen,2015,"5,230",6,0.11%
Wood-Ridge borough,Bergen,2020,"6,009",71,1.18%
Woodstown borough,Salem,2015,"2,396",1,0.03%
Woodstown borough,Salem,2020,"2,362",15,0.64%
Woolwich township,Gloucester,2015,"7,378",4,0.05%
Woolwich township,Gloucester,2020,"7,964",51,0.64%
Wrightstown borough,Burlington,2015,404,0,0.10%
Wrightstown borough,Burlington,2020,384,6,1.56%
Wyckoff township,Bergen,2015,"11,639",9,0.08%
Wyckoff township,Bergen,2020,"11,582",119,1.03%